id,first_name,last_name,birthdate,registered,email,phone
1,Inigo,McGilmartin,,2022-11-12,imcgilmartin0@ycombinator.com,+30 (663) 346-2223
2,Anissa,Denisevich,1999-11-23,2014-12-21,adenisevich1@over-blog.com,+506 (689) 259-2579
3,Betteann,Chasmer,1990-12-26,2022-03-15,bchasmer2@cpanel.net,+355 (773) 387-6915
4,Abbey,Shrive,2003-03-23,2021-09-11,ashrive3@constantcontact.com,+86 (286) 232-7032
5,Ainslee,Seavers,,2019-09-11,,+86 (579) 305-0260
6,Tedda,Gleeton,1972-07-26,2014-06-06,tgleeton5@squidoo.com,+359 (354) 838-9333
7,Maybelle,Elston,1971-02-13,2019-02-15,melston6@sogou.com,+62 (130) 112-7927
8,Nev,Iwanowski,,2018-08-15,niwanowski7@ebay.co.uk,+81 (946) 427-7881
9,Corilla,Jerisch,2002-04-18,2023-03-30,cjerisch8@topsy.com,+62 (629) 829-6722
10,Bent,Wright,2003-02-06,2017-05-23,,+58 (672) 413-6137
11,Adella,Schellig,2008-11-08,2022-03-10,aschelliga@scientificamerican.com,+351 (240) 376-6455
12,Kelsy,McGragh,1976-11-28,2016-08-15,kmcgraghb@twitter.com,+1 (714) 492-2489
13,Mollee,Pietruszka,,2021-08-01,mpietruszkac@home.pl,+1 (619) 731-6568
14,Raynard,Futter,1999-12-16,2018-09-19,rfutterd@vistaprint.com,+66 (508) 291-0822
15,Harlen,Berth,,2013-12-21,hberthe@etsy.com,+86 (453) 302-1389
16,Binnie,Penhalurick,1974-08-18,2018-10-05,bpenhalurickf@zimbio.com,+62 (886) 203-6451
17,Inna,McClory,1982-09-22,2020-10-03,imccloryg@1688.com,+62 (409) 969-0246
18,Blake,Richings,1977-03-18,2022-10-24,,+86 (878) 897-6487
19,Ester,Shakesby,1977-08-10,2022-05-28,eshakesbyi@studiopress.com,+355 (451) 590-6753
20,Gwenora,Heater,1969-04-14,2018-06-15,gheaterj@msn.com,+86 (259) 285-0816
21,Debby,Seman,1968-03-02,2021-09-03,dsemank@blogspot.com,+976 (420) 584-7938
22,Earl,Depka,1963-11-02,2018-12-07,edepkal@myspace.com,+593 (867) 839-0586
23,Aeriell,Espadero,,2018-03-07,aespaderom@mashable.com,+58 (416) 371-0853
24,Freddy,Sweeny,2006-06-28,2023-05-13,,+86 (714) 905-3880
25,Pauly,Calver,2013-07-03,2021-09-04,pcalvero@spotify.com,+55 (752) 735-7482
26,Stephana,Robilliard,,2015-10-12,srobilliardp@woothemes.com,+46 (105) 163-7602
27,Cynthy,Drivers,1990-09-20,2013-12-15,,+351 (420) 496-8115
28,Raye,Merriment,2006-10-29,2022-06-27,rmerrimentr@posterous.com,+55 (718) 546-8509
29,Norbie,Dudden,2014-12-19,2016-03-11,nduddens@oakley.com,+234 (982) 364-2725
30,Tanya,Yakuntsov,1962-03-22,2015-01-25,tyakuntsovt@stumbleupon.com,+66 (967) 394-1658
31,Tessie,Teanby,1966-08-17,2015-03-28,,+850 (845) 265-2159
32,Rosette,Gabbot,1975-04-28,2014-04-04,rgabbotv@hubpages.com,+46 (377) 485-4567
33,Barrie,Tamlett,,2015-05-11,btamlettw@google.co.uk,+63 (688) 789-4185
34,Georgeanne,Cardew,1966-11-16,2021-08-25,,+1 (517) 313-6060
35,Guido,Fearnyhough,2001-08-10,2022-03-22,,+225 (105) 173-4031
36,Mathe,Dumingos,1969-02-04,2015-11-15,,+7 (292) 639-7909
37,Abramo,Goggin,,2013-12-17,agoggin10@webmd.com,+48 (599) 745-1615
38,Flossie,Ethelstone,2009-02-26,2017-05-23,,+7 (567) 908-6560
39,Luca,Labet,1977-09-08,2017-02-01,llabet12@indiegogo.com,+351 (711) 250-1163
40,Jana,Yerborn,1974-06-18,2015-06-01,jyerborn13@washington.edu,+47 (113) 285-5767
41,Zared,Vedikhov,2003-06-02,2017-11-10,,+260 (250) 389-9501
42,Luca,Jones,1963-07-05,2014-05-10,,+386 (735) 649-2547
43,Annemarie,Salazar,,2018-06-27,asalazar16@myspace.com,+385 (994) 825-0365
44,Tallou,Easlea,1959-01-22,2019-08-27,teaslea17@over-blog.com,+62 (476) 674-0024
45,Ramsey,Gifford,,2018-12-16,rgifford18@naver.com,+48 (550) 706-1186
46,Quillan,Spottswood,1993-05-22,2018-03-16,qspottswood19@g.co,+385 (146) 427-4789
47,Lissa,Vedekhov,1992-10-19,2023-01-27,,+48 (200) 497-2138
48,Gilburt,Penney,,2014-01-10,gpenney1b@list-manage.com,+237 (101) 429-1372
49,Petronille,Morfell,1991-12-26,2018-09-17,,+86 (273) 869-3061
50,Dunc,Milesop,,2015-12-10,dmilesop1d@imdb.com,+27 (352) 638-8329
51,Keslie,Honsch,1961-09-12,2018-10-11,khonsch1e@freewebs.com,+55 (633) 727-8568
52,Milty,Whittle,1990-03-02,2021-01-17,,+27 (337) 113-2725
53,Hobie,Piniur,2008-06-04,2017-09-24,,+86 (427) 389-4954
54,Ronny,Borham,1980-12-28,2022-04-30,rborham1h@behance.net,+86 (951) 117-8164
55,Tallulah,Franssen,1959-05-05,2021-09-09,,+234 (936) 351-7125
56,Cinda,Gunbie,1997-09-23,2020-10-16,cgunbie1j@constantcontact.com,+7 (577) 740-2350
57,Hill,Riatt,,2021-04-15,hriatt1k@europa.eu,+351 (583) 309-2810
58,Dominic,Tutin,1975-12-24,2017-09-06,dtutin1l@jigsy.com,+970 (647) 767-8735
59,Finn,Follos,2014-08-25,2015-01-30,ffollos1m@squarespace.com,+7 (250) 422-8228
60,Chucho,Berrycloth,1959-12-16,2022-05-02,,+86 (782) 899-4342
61,Adelind,Bloyes,,2019-11-18,abloyes1o@nytimes.com,+1 (764) 672-6472
62,Flossie,Mac Geaney,1983-06-20,2019-01-17,fmacgeaney1p@ycombinator.com,+55 (568) 243-4228
63,Zolly,Sparsholt,1972-05-27,2016-02-19,zsparsholt1q@wix.com,+86 (387) 184-3019
64,Clarey,Dodshon,1978-03-10,2021-05-11,cdodshon1r@skype.com,+62 (366) 128-0145
65,Padget,Fanthome,1980-12-25,2023-08-27,,+374 (225) 293-3123
66,Benny,Leavens,2000-03-22,2014-06-06,,+1 (615) 627-4124
67,Kilian,Riehm,1964-11-18,2015-08-17,kriehm1u@nydailynews.com,+353 (885) 106-2178
68,Marv,Steinson,1989-12-13,2018-07-29,msteinson1v@wp.com,+380 (784) 237-9475
69,Garreth,Rodgman,1992-12-12,2017-02-02,grodgman1w@so-net.ne.jp,+63 (314) 348-2344
70,Fredericka,Dey,2013-05-01,2016-01-03,fdey1x@tinyurl.com,+82 (948) 475-7613
71,Tania,Bagnold,2001-06-04,2017-06-18,tbagnold1y@shareasale.com,+52 (816) 405-2760
72,Glenine,Harron,1968-11-05,2019-03-23,gharron1z@alibaba.com,+66 (732) 180-4034
73,Aimee,Chester,1988-07-27,2023-06-27,achester20@xinhuanet.com,+48 (600) 495-6324
74,Ursa,Breache,,2023-09-13,ubreache21@ebay.co.uk,+46 (190) 510-0742
75,Franciska,Haddock,,2017-12-06,,+220 (939) 205-5136
76,Germain,Commin,1971-05-22,2020-07-06,gcommin23@networkadvertising.org,+256 (366) 523-0394
77,Beck,Lehmann,1991-08-22,2014-03-05,blehmann24@wikispaces.com,+351 (164) 420-4729
78,Vernen,Damper,2015-02-25,2016-11-30,vdamper25@hexun.com,+55 (682) 968-8170
79,Elane,Scyone,1970-06-27,2023-07-05,,+30 (102) 613-3818
80,Jamey,Ravenscroft,1966-03-03,2023-01-11,jravenscroft27@accuweather.com,+7 (250) 410-3412
81,Charmaine,Linton,1983-10-22,2015-08-14,clinton28@sourceforge.net,+383 (539) 561-8680
82,Dulcia,Tethcote,2007-03-18,2015-12-11,dtethcote29@cisco.com,+234 (255) 878-8827
83,Arman,Filkov,1969-06-18,2017-04-27,,+62 (267) 119-1952
84,Andonis,Jammet,1973-03-09,2018-09-28,,+963 (265) 414-1702
85,Jarrad,O'Hengerty,2007-08-11,2019-11-06,johengerty2c@ask.com,+7 (595) 601-9188
86,Zaneta,Cruise,1998-10-19,2016-05-13,zcruise2d@admin.ch,+380 (368) 792-3662
87,Sutherland,Sazio,2007-02-16,2023-07-05,ssazio2e@shinystat.com,+62 (995) 437-5370
88,Thom,Arnecke,,2019-10-20,tarnecke2f@senate.gov,+34 (107) 386-2393
89,Archaimbaud,Neissen,1993-11-19,2019-04-09,aneissen2g@mtv.com,+82 (779) 614-0849
90,Jeni,Loxly,1970-10-13,2020-07-17,jloxly2h@cornell.edu,+507 (451) 473-2216
91,Shanon,Coey,2003-04-11,2023-08-10,scoey2i@fema.gov,+62 (178) 163-1749
92,Bendix,Hearnah,1968-01-09,2016-06-24,bhearnah2j@altervista.org,+30 (335) 449-0233
93,Katharina,Matisse,,2016-02-07,kmatisse2k@ihg.com,+86 (871) 958-4631
94,Carr,Manus,2013-12-29,2016-02-16,cmanus2l@addthis.com,+1 (608) 116-6511
95,Archambault,O'Mohun,1997-04-25,2020-10-21,aomohun2m@goodreads.com,+7 (411) 260-9685
96,Filmer,Wilcocks,1993-09-22,2022-04-22,,+1 (683) 244-8836
97,Gannie,Burchall,1975-07-04,2016-03-30,gburchall2o@macromedia.com,+48 (603) 547-5778
98,Barnabas,Borgnet,2000-03-24,2021-11-24,,+7 (615) 110-9096
99,Elisabet,Cristou,1982-09-19,2020-08-11,ecristou2q@state.tx.us,+1 (374) 921-0772
100,Annie,Miller,2004-09-04,2016-09-29,amiller2r@bbc.co.uk,+63 (510) 790-2373
101,Joell,Reuter,1984-12-24,2016-08-24,jreuter2s@irs.gov,+86 (505) 177-3425
102,Doralynn,Thinn,2001-04-21,2022-02-05,dthinn2t@uol.com.br,+48 (885) 239-7118
103,Beth,Careswell,1974-06-17,2014-08-20,bcareswell2u@buzzfeed.com,+1 (831) 862-1574
104,Lenee,Sebert,2012-01-06,2022-12-29,lsebert2v@cbc.ca,+86 (406) 849-1693
105,Angelia,McLellan,,2016-08-11,amclellan2w@123-reg.co.uk,+212 (203) 802-0570
106,Broderick,Dorgan,,2022-08-01,bdorgan2x@last.fm,+62 (465) 406-0419
107,Sinclair,McLaren,1994-02-11,2023-06-04,smclaren2y@skype.com,+351 (964) 599-8832
108,Northrup,Shorte,2015-01-31,2022-07-29,,+62 (279) 716-5227
109,Rosabelle,Farthin,1981-08-11,2019-12-22,rfarthin30@biblegateway.com,+86 (401) 599-5400
110,Brock,Marusyak,1959-02-19,2016-05-01,bmarusyak31@nasa.gov,+62 (147) 405-6166
111,Austin,Filippozzi,1978-01-18,2022-03-24,afilippozzi32@altervista.org,+86 (793) 302-5459
112,Wenona,Symson,1994-09-14,2017-06-26,,+94 (318) 962-2997
113,Betty,Blackett,,2015-04-27,,+351 (222) 552-6391
114,Toiboid,Galway,2005-04-22,2019-07-12,tgalway35@linkedin.com,+226 (430) 267-5866
115,Sonnie,Cragell,1984-09-07,2018-01-31,scragell36@huffingtonpost.com,+62 (861) 362-4627
116,Laura,Boddymead,2013-07-19,2014-07-09,lboddymead37@slideshare.net,+254 (375) 243-9989
117,Fraser,Mushet,1992-10-13,2021-10-26,fmushet38@google.es,+593 (923) 776-6742
118,Kessia,Trevance,1971-07-19,2017-07-04,,+86 (963) 775-8682
119,Scott,Bennit,1971-01-30,2018-03-17,sbennit3a@spiegel.de,+967 (307) 918-6744
120,Anett,Hayter,1991-01-04,2016-11-17,ahayter3b@oakley.com,+86 (386) 487-0044
121,Mandy,Bleything,1988-10-30,2021-06-03,,+48 (853) 473-4363
122,Delly,Bims,,2014-10-08,dbims3d@diigo.com,+62 (126) 107-6893
123,Ines,Marrows,1993-05-08,2023-08-05,imarrows3e@dot.gov,+46 (108) 806-2091
124,Mahmoud,O'Dulchonta,2013-02-21,2019-08-10,modulchonta3f@google.nl,+1 (925) 468-9058
125,Lorene,Conti,1963-06-23,2014-12-05,lconti3g@arstechnica.com,+963 (977) 224-8266
126,Shaw,Leupoldt,1961-08-04,2020-01-31,sleupoldt3h@netvibes.com,+57 (140) 537-8900
127,Genevieve,Maher,1965-05-10,2020-07-21,,+62 (327) 584-4656
128,Loise,Loftin,2008-04-25,2022-02-20,lloftin3j@linkedin.com,+1 (805) 326-3732
129,Dianne,Pollington,2005-08-31,2021-03-19,,+7 (529) 245-3963
130,Randie,Kenninghan,1986-02-01,2015-03-12,,+62 (420) 520-3384
131,Sari,Kiddey,,2023-07-16,skiddey3m@joomla.org,+84 (437) 996-8756
132,Joelie,Fullicks,2006-08-27,2016-07-31,,+62 (854) 150-7873
133,Jamima,Royste,1974-05-03,2020-06-18,jroyste3o@typepad.com,+51 (866) 171-4122
134,Fulvia,Hann,1981-05-01,2016-04-28,fhann3p@sakura.ne.jp,+7 (554) 230-6024
135,Susanna,Birchill,,2014-04-02,sbirchill3q@theguardian.com,+86 (842) 575-1776
136,Willard,McCanny,2000-11-15,2018-06-23,wmccanny3r@narod.ru,+86 (434) 229-5558
137,Rafferty,Knaggs,1962-03-11,2015-06-17,rknaggs3s@w3.org,+54 (259) 269-4755
138,Linnell,Wolfart,,2023-04-17,,+86 (376) 464-0590
139,Lanny,Lambard,,2022-11-15,llambard3u@yale.edu,+62 (250) 609-3787
140,Melisa,Torbard,1987-02-23,2020-04-11,mtorbard3v@army.mil,+351 (759) 992-5002
141,Tome,Kobsch,1989-08-07,2018-09-09,tkobsch3w@lycos.com,+33 (431) 109-6191
142,Mandy,Kehir,1980-09-19,2018-02-25,mkehir3x@earthlink.net,+48 (782) 767-3215
143,Myra,De Cristoforo,2006-05-05,2023-08-25,mdecristoforo3y@imgur.com,+1 (780) 740-2549
144,Andrew,Chaloner,1994-12-30,2016-01-29,achaloner3z@scribd.com,+48 (928) 573-5765
145,Hester,Scammell,1987-07-13,2017-11-17,hscammell40@ted.com,+86 (898) 371-1397
146,Dionne,Tomley,2010-07-10,2020-01-15,dtomley41@census.gov,+33 (501) 591-1347
147,Ellery,Asee,1963-05-05,2017-04-07,easee42@fc2.com,+63 (232) 521-2717
148,Codie,Allibon,,2017-08-05,callibon43@geocities.com,+62 (960) 449-4783
149,Vin,Jagels,1999-06-23,2019-03-05,vjagels44@biblegateway.com,+352 (350) 729-4068
150,Jaimie,Cranage,1962-03-28,2015-07-17,jcranage45@loc.gov,+86 (842) 733-7292
151,Seward,Chiese,,2023-08-29,schiese46@free.fr,+86 (956) 327-5293
152,Kelcie,Firle,2004-12-10,2015-12-10,kfirle47@ed.gov,+63 (235) 319-3853
153,Cecilia,Trynor,2015-06-15,2022-11-02,,+7 (381) 484-2281
154,Berthe,Bard,2002-07-28,2015-12-04,bbard49@mail.ru,+351 (933) 248-7219
155,Steffie,Van der Son,,2017-06-18,svanderson4a@alibaba.com,+54 (328) 607-9048
156,Sileas,Yeandel,1971-12-07,2018-04-28,,+7 (839) 575-3772
157,Clemmy,Ryde,1984-12-10,2017-04-24,cryde4c@taobao.com,+62 (942) 681-2141
158,Bordy,Pedrazzi,1998-05-01,2016-03-25,bpedrazzi4d@tinypic.com,+55 (388) 603-1272
159,Aeriell,Ygou,2007-12-12,2020-11-28,aygou4e@jimdo.com,+60 (260) 647-5519
160,Ashlan,Elsom,1997-09-09,2016-07-23,,+46 (299) 371-1361
161,Wilbur,Parfett,1962-04-21,2018-06-20,wparfett4g@instagram.com,+60 (359) 756-9323
162,Angel,Tommaseo,2011-01-19,2016-09-06,,+420 (372) 988-8480
163,Lynnea,O'Dea,1986-07-31,2015-12-03,lodea4i@lycos.com,+55 (906) 673-6924
164,Francklin,Peddersen,2010-08-09,2023-03-09,fpeddersen4j@icio.us,+374 (295) 414-2793
165,Granny,Braddick,,2022-06-01,,+33 (216) 383-6070
166,Alanson,Challiss,1964-11-28,2023-09-13,achalliss4l@engadget.com,+62 (827) 333-0390
167,Jacob,D'Elias,1986-12-14,2023-02-22,jdelias4m@squidoo.com,+358 (424) 781-5267
168,Guinevere,Wissby,1962-05-07,2018-12-15,gwissby4n@google.it,+55 (815) 646-1271
169,Alana,Dranfield,2008-07-04,2015-08-31,,+63 (613) 777-1465
170,Dorry,Snowling,2015-08-04,2018-12-29,dsnowling4p@odnoklassniki.ru,+86 (743) 922-7406
171,Dollie,Tolussi,1971-09-09,2018-07-18,,+33 (944) 819-1177
172,Sophronia,Gouldstone,,2023-05-08,,+996 (234) 998-0978
173,Elbertine,Gentil,2014-04-05,2021-01-13,egentil4s@typepad.com,+86 (222) 827-9875
174,Kip,Malt,1963-02-21,2015-05-10,kmalt4t@usatoday.com,+353 (394) 785-2227
175,Aeriell,Tompkin,2011-08-03,2016-04-02,atompkin4u@yellowbook.com,+86 (719) 113-4704
176,Evangelia,Kernermann,1971-12-07,2020-04-23,ekernermann4v@seesaa.net,+62 (980) 593-5032
177,Nanci,Heigold,1964-06-26,2015-02-05,,+55 (845) 802-9120
178,Don,Fullun,1965-12-23,2014-04-03,dfullun4x@phoca.cz,+86 (531) 332-2756
179,Tanny,Brunskill,1988-04-02,2017-01-16,,+62 (967) 629-2761
180,Bat,Markham,1971-01-31,2020-06-01,,+55 (364) 429-8270
181,Phillida,Corbally,1977-02-17,2021-06-02,pcorbally50@t-online.de,+86 (135) 414-1184
182,Jania,Cianni,2007-07-01,2017-08-21,,+62 (683) 252-8333
183,Lars,York,2014-09-06,2014-01-05,lyork52@house.gov,+507 (129) 777-4721
184,Viv,Scolding,1994-08-30,2023-09-16,vscolding53@cnn.com,+86 (844) 261-3642
185,Mel,McCartan,1968-08-03,2019-08-17,mmccartan54@ted.com,+84 (281) 313-7747
186,Alicia,Balog,1969-09-10,2021-09-17,abalog55@wp.com,+62 (755) 913-2956
187,Jami,Biggam,2013-10-07,2019-09-18,jbiggam56@nih.gov,+963 (675) 559-9260
188,Anabella,Comelini,1979-10-25,2020-01-17,,+994 (262) 272-7703
189,Lindi,Puttergill,1963-06-11,2020-01-09,lputtergill58@washingtonpost.com,+86 (983) 176-0916
190,Dolph,Lawtie,1963-03-11,2020-02-08,,+373 (448) 537-6326
191,Trish,Wedgbrow,1985-11-11,2015-04-26,twedgbrow5a@nasa.gov,+86 (974) 285-7642
192,Lucille,Airdrie,1975-01-17,2022-01-19,lairdrie5b@seesaa.net,+86 (588) 354-9204
193,Carie,McMearty,1963-11-02,2017-08-09,,+380 (986) 505-0113
194,Tabina,Bullers,1979-02-16,2014-03-27,tbullers5d@bbb.org,+63 (643) 150-8074
195,Wynne,Mundell,,2017-01-23,wmundell5e@google.cn,+351 (730) 754-3234
196,Herold,Vigours,1988-05-07,2020-01-18,hvigours5f@netlog.com,+66 (435) 958-3891
197,Aaren,McNeilly,1959-05-17,2016-09-17,amcneilly5g@tuttocitta.it,+237 (218) 393-7860
198,Bernadette,Endrizzi,1968-09-28,2019-12-19,bendrizzi5h@themeforest.net,+355 (531) 656-8134
199,Ruthe,Franceschino,1977-09-14,2017-12-26,rfranceschino5i@epa.gov,+970 (631) 727-3023
200,Ernesta,Hambly,,2022-12-18,,+57 (253) 457-9026
201,Jed,Luty,1964-04-26,2018-05-18,jluty5k@latimes.com,+994 (446) 972-9074
202,Madlin,Offner,1963-05-23,2021-09-09,moffner5l@wikipedia.org,+7 (126) 747-6064
203,Paolo,Heasly,,2022-12-30,,+81 (224) 779-2935
204,Gae,Swindley,1982-01-18,2020-05-28,gswindley5n@unesco.org,+46 (184) 997-1707
205,Patty,Cradock,2010-08-05,2018-09-09,,+7 (550) 717-2414
206,Glyn,Coxhead,1959-11-30,2021-05-01,gcoxhead5p@netscape.com,+967 (907) 898-7512
207,Rosabelle,Paprotny,1995-01-09,2022-02-06,,+62 (766) 147-5296
208,Queenie,Beardshall,1959-09-02,2016-10-30,qbeardshall5r@thetimes.co.uk,+46 (841) 858-5661
209,Eula,Bringloe,,2021-03-05,ebringloe5s@geocities.jp,+1 (323) 888-9968
210,Lanny,Huerta,2003-05-15,2018-09-02,,+66 (618) 814-1001
211,Nataline,Foukx,1964-10-15,2019-11-09,nfoukx5u@t.co,+92 (578) 136-8801
212,Sherill,Falkner,1989-06-24,2018-10-14,,+46 (437) 114-3735
213,Vonnie,Ledamun,2005-11-03,2017-04-03,vledamun5w@npr.org,+86 (874) 575-9520
214,Dulcine,Dumblton,1967-12-19,2022-11-17,,+358 (871) 987-8030
215,Ignazio,Veare,2003-01-12,2019-04-03,iveare5y@bravesites.com,+7 (257) 899-9081
216,Rochelle,Dimont,2009-07-13,2023-02-20,,+55 (820) 721-3459
217,Sayer,Farans,,2023-09-09,sfarans60@yelp.com,+502 (234) 763-2631
218,Bonnibelle,Loadwick,2012-12-30,2021-04-12,,+86 (444) 995-0295
219,Octavius,Speek,1991-11-25,2022-02-14,ospeek62@hexun.com,+48 (695) 162-6463
220,Ronni,Pettus,1972-09-23,2020-06-02,rpettus63@geocities.jp,+351 (243) 878-2977
221,Mace,Worman,1998-12-24,2017-02-13,mworman64@loc.gov,+62 (943) 824-1828
222,Klara,Ogg,2015-09-04,2016-12-30,kogg65@virginia.edu,+7 (297) 175-1091
223,Avie,Coils,1993-02-19,2022-11-03,acoils66@livejournal.com,+86 (985) 432-8027
224,Caz,Walworth,2011-04-24,2016-06-26,cwalworth67@google.com,+62 (598) 609-7801
225,Lesley,Walbrun,1974-03-21,2019-12-30,lwalbrun68@theguardian.com,+86 (480) 197-7875
226,Barrett,Carlson,1969-06-14,2014-06-05,bcarlson69@nytimes.com,+64 (512) 171-3005
227,Dorie,Woolens,1981-10-31,2022-12-14,dwoolens6a@1688.com,+420 (604) 736-7446
228,Vite,Piatti,,2019-10-29,vpiatti6b@about.me,+7 (316) 996-2609
229,Patrizia,Jeromson,1959-03-18,2020-04-14,pjeromson6c@csmonitor.com,+1 (513) 629-6021
230,Sargent,Hapgood,1980-03-04,2018-02-10,shapgood6d@tinyurl.com,+7 (141) 741-2077
231,Eugene,Cornish,1977-06-07,2019-09-03,ecornish6e@ehow.com,+63 (534) 922-9507
232,Millard,Ditch,2000-10-15,2017-02-13,,+86 (368) 340-1969
233,Aldo,Hulme,1988-09-28,2023-05-14,ahulme6g@networksolutions.com,+48 (965) 697-5777
234,Fidole,Dugall,1995-03-04,2018-01-20,fdugall6h@discuz.net,+380 (673) 168-3198
235,Maye,Gear,2014-03-04,2017-04-23,mgear6i@arizona.edu,+7 (818) 638-1434
236,Kean,Stronough,1962-02-23,2016-06-05,kstronough6j@sun.com,+55 (906) 988-1612
237,Aloise,Mushrow,2009-08-26,2020-02-16,amushrow6k@ed.gov,+63 (282) 825-8396
238,Jamie,Jaggs,,2016-09-21,jjaggs6l@sakura.ne.jp,+56 (462) 150-9218
239,Jermaine,Ballefant,2009-02-19,2023-04-17,jballefant6m@reference.com,+86 (841) 646-7971
240,Walton,Lambrook,1987-08-15,2019-01-27,wlambrook6n@lycos.com,+263 (443) 512-8505
241,Alysa,O'Feeny,1974-01-21,2020-12-18,aofeeny6o@about.com,+963 (469) 219-9390
242,Mic,Chattaway,,2013-11-30,,+62 (787) 852-1982
243,Bernadene,Dunlop,2007-01-03,2014-07-29,bdunlop6q@trellian.com,+63 (572) 762-4068
244,Teri,Hadye,1998-06-07,2014-11-10,thadye6r@newsvine.com,+382 (363) 466-6193
245,Corrianne,Brundale,1969-10-08,2015-09-30,,+62 (757) 138-5168
246,Oralia,Ourry,2000-11-10,2018-11-19,oourry6t@phoca.cz,+850 (502) 613-4215
247,Erna,Dunnion,1968-03-27,2019-01-20,edunnion6u@phoca.cz,+351 (304) 900-6745
248,Marlo,Tweed,1995-07-26,2014-09-27,mtweed6v@shinystat.com,+86 (601) 983-5578
249,Simeon,Dagg,1982-07-06,2019-11-22,sdagg6w@mayoclinic.com,+84 (704) 516-9725
250,Amos,Tatlow,2007-04-02,2022-08-02,atatlow6x@sina.com.cn,+51 (742) 588-2973
251,Israel,Rosell,1965-10-20,2023-04-23,,+420 (948) 490-9657
252,William,Matyushkin,1988-03-02,2018-11-13,wmatyushkin6z@theguardian.com,+51 (322) 405-2911
253,Ivett,Sprason,1999-03-05,2022-01-10,isprason70@liveinternet.ru,+7 (402) 316-0033
254,Everett,Shoebrook,2006-08-11,2014-08-04,eshoebrook71@de.vu,+86 (964) 288-7171
255,Talya,Puve,1975-12-01,2022-07-06,,+51 (957) 413-0481
256,Danny,Davydychev,1961-07-27,2014-01-08,ddavydychev73@google.cn,+94 (164) 521-7669
257,Nickolaus,MacMenamy,1995-10-15,2014-07-21,nmacmenamy74@feedburner.com,+86 (678) 281-1084
258,Benedicto,Fosher,2001-03-12,2014-09-08,,+358 (987) 153-7532
259,Robbi,Cummings,,2020-03-28,rcummings76@independent.co.uk,+49 (685) 786-3717
260,Sileas,Melby,,2015-08-28,smelby77@jalbum.net,+86 (446) 655-3470
261,Peterus,Truin,1971-05-22,2022-02-26,,+33 (327) 805-1273
262,Bianca,Krelle,1989-03-22,2022-09-26,bkrelle79@pcworld.com,+52 (133) 639-2106
263,Heather,Pincked,,2019-10-23,,+86 (261) 473-3990
264,Paola,Siemons,,2016-10-06,psiemons7b@printfriendly.com,+86 (934) 175-5952
265,Marya,Neiland,2013-01-30,2023-05-23,,+66 (998) 709-2547
266,Anselma,Bonifant,2012-11-15,2023-05-16,,+55 (436) 924-4731
267,Natalie,Bowles,1989-11-16,2016-10-07,,+55 (930) 101-9498
268,Marina,Keeney,1972-04-23,2021-12-26,mkeeney7f@economist.com,+372 (361) 425-7922
269,Kikelia,Gammie,2003-07-08,2019-08-07,,+355 (840) 912-6307
270,Tandi,Flores,,2020-04-02,tflores7h@infoseek.co.jp,+374 (157) 165-5913
271,Saundra,Hanlin,1965-12-07,2019-11-23,shanlin7i@yahoo.co.jp,+1 (839) 368-0852
272,Esmaria,Spriggs,1991-08-31,2014-01-26,espriggs7j@smugmug.com,+86 (154) 279-2788
273,Rahel,Simmers,1965-02-15,2022-10-24,rsimmers7k@spiegel.de,+63 (372) 730-1853
274,Tabbatha,Huison,,2021-03-03,thuison7l@gnu.org,+995 (351) 919-5990
275,Alexis,Fairweather,1980-11-20,2023-04-28,afairweather7m@over-blog.com,+234 (646) 294-8894
276,Tucky,Tredgold,,2019-01-06,ttredgold7n@g.co,+351 (787) 962-2584
277,Nona,Barrat,1975-08-23,2015-07-27,,+374 (665) 429-1425
278,Peirce,Oldnall,1986-04-22,2019-09-03,poldnall7p@ed.gov,+62 (595) 782-2419
279,Kora,Sherewood,1991-01-14,2015-12-01,ksherewood7q@admin.ch,+48 (109) 614-2509
280,Bing,Garett,1986-11-06,2022-11-15,,+58 (572) 262-7750
281,Spike,McDougle,,2016-08-28,,+380 (414) 175-9961
282,Katrina,Danilchenko,,2017-06-18,kdanilchenko7t@answers.com,+7 (313) 123-8343
283,Melitta,Benedidick,1973-12-22,2019-04-15,mbenedidick7u@rambler.ru,+55 (555) 793-4585
284,Adolpho,Volker,1986-06-06,2019-12-20,avolker7v@hugedomains.com,+351 (395) 633-2015
285,Felecia,Hankins,,2020-05-18,,+351 (466) 880-8046
286,Gerrard,Mosten,,2017-10-14,gmosten7x@ucsd.edu,+86 (863) 236-5502
287,Wildon,Deary,2009-06-17,2022-01-31,wdeary7y@theguardian.com,+375 (101) 456-7448
288,Wendeline,Ollington,1976-09-28,2018-06-18,,+27 (702) 229-6418
289,Wilfred,de Najera,2009-06-01,2022-09-26,wdenajera80@drupal.org,+55 (581) 492-4220
290,Tobias,Thrasher,2004-10-22,2016-02-01,,+261 (986) 697-9851
291,Ramon,Iltchev,1987-07-12,2015-01-22,riltchev82@google.ru,+387 (378) 873-3693
292,Patton,Amerighi,2006-12-19,2020-04-29,,+261 (418) 166-1324
293,Laurie,Broad,1977-04-21,2015-08-28,,+7 (476) 234-9720
294,Valeda,Shafto,1996-06-09,2014-09-12,vshafto85@yahoo.co.jp,+86 (878) 166-4119
295,Orelie,Jolliffe,1979-11-14,2023-06-14,ojolliffe86@fema.gov,+86 (775) 732-3530
296,Horton,Calbaithe,,2021-03-07,,+58 (676) 651-8723
297,Lyman,Accomb,,2016-03-03,,+51 (184) 651-7407
298,Gibbie,Bloor,1970-05-22,2023-02-09,gbloor89@oaic.gov.au,+63 (720) 628-9525
299,Clerkclaude,Getten,1966-08-11,2017-07-07,cgetten8a@gravatar.com,+63 (437) 311-9629
300,Emilio,Vasyutochkin,,2014-02-12,evasyutochkin8b@apple.com,+86 (925) 481-2112
301,Alice,Emmott,1982-05-10,2020-04-07,aemmott8c@tuttocitta.it,+51 (178) 584-8684
302,Bone,Shute,1969-05-12,2016-12-15,bshute8d@google.fr,+86 (588) 477-6130
303,Jimmie,Lonergan,1993-04-28,2022-02-07,jlonergan8e@163.com,+57 (832) 120-8820
304,Isador,Meah,2008-11-13,2020-11-30,imeah8f@google.fr,+86 (866) 962-7818
305,Finn,Paal,1995-10-05,2023-06-16,,+33 (270) 931-1926
306,Hadlee,Suffield,1973-10-19,2018-05-19,hsuffield8h@discuz.net,+62 (277) 856-5533
307,Bob,Farlambe,2004-01-03,2014-03-25,bfarlambe8i@chron.com,+998 (982) 827-9604
308,Noam,Loverock,1995-12-14,2023-03-09,nloverock8j@nymag.com,+351 (338) 273-0636
309,Barclay,Goodred,1982-10-08,2017-11-23,,+86 (592) 908-1589
310,Allister,Manuello,2011-01-18,2019-12-21,,+1 (569) 415-0047
311,Ilario,Spall,2001-09-20,2017-05-12,ispall8m@weather.com,+54 (278) 562-2094
312,Amabelle,Jamrowicz,1997-08-21,2020-04-26,ajamrowicz8n@wsj.com,+380 (640) 761-0287
313,Kimmy,Booy,1962-11-11,2015-03-02,kbooy8o@fotki.com,+86 (927) 858-1399
314,Christy,Bouette,1997-08-23,2023-05-23,cbouette8p@furl.net,+351 (390) 654-6864
315,Swen,Jacobowicz,,2020-09-24,sjacobowicz8q@berkeley.edu,+66 (906) 205-5836
316,Maisie,Johns,1983-02-05,2019-08-15,,+48 (393) 577-6741
317,Torrence,Beedie,,2014-09-05,,+30 (335) 910-9066
318,Kendrick,Plummer,1998-08-18,2021-01-15,,+63 (222) 870-0308
319,Daron,Byrne,1998-07-20,2021-01-29,,+256 (188) 664-1802
320,Tessie,Laird,,2016-10-29,tlaird8v@artisteer.com,+351 (101) 189-8485
321,Dolli,Noweak,1965-06-29,2018-08-16,,+880 (706) 648-3116
322,Etienne,Kleinhaut,1989-06-01,2020-07-17,ekleinhaut8x@admin.ch,+966 (420) 812-5828
323,Latisha,Uphill,2002-11-17,2022-06-29,luphill8y@merriam-webster.com,+55 (315) 408-7774
324,Bard,Lempel,1988-01-23,2021-02-07,blempel8z@paypal.com,+7 (416) 250-8699
325,Adda,Hanhart,,2021-09-22,,+976 (781) 785-4627
326,Milly,Gagg,1976-09-28,2015-06-11,,+963 (602) 531-2459
327,Caprice,Mordacai,1959-01-26,2015-12-06,cmordacai92@youku.com,+86 (522) 628-8585
328,Alla,Chatell,1968-03-11,2017-10-06,achatell93@ebay.co.uk,+1 (518) 538-3203
329,Silvano,Crockley,2000-10-22,2017-03-23,,+1 (405) 823-8001
330,Thatcher,Cochet,1992-06-07,2014-08-18,tcochet95@epa.gov,+63 (556) 197-8353
331,Zeke,Twelvetrees,2013-10-30,2014-12-07,ztwelvetrees96@biblegateway.com,+86 (738) 519-7126
332,Joline,Bosdet,,2014-09-26,jbosdet97@spotify.com,+39 (611) 954-7052
333,Tami,Hutfield,1979-12-22,2014-08-31,thutfield98@free.fr,+351 (240) 283-5274
334,Pren,Kennally,,2023-07-14,,+47 (292) 601-3470
335,Gerhardt,Bezarra,,2019-03-24,gbezarra9a@prweb.com,+48 (359) 197-1365
336,Stearn,Tomasian,1977-04-21,2016-03-26,stomasian9b@sina.com.cn,+55 (793) 560-9263
337,Mahalia,Osler,1975-01-01,2016-04-08,mosler9c@networkadvertising.org,+593 (231) 644-0703
338,Odelle,Smieton,2003-05-29,2017-07-07,osmieton9d@flickr.com,+81 (800) 486-3304
339,Pattie,Duffin,1994-01-18,2014-09-06,pduffin9e@g.co,+92 (289) 720-2687
340,Berne,Davidow,1966-02-03,2017-09-12,bdavidow9f@washington.edu,+86 (612) 201-9964
341,Dennis,Whitton,1987-05-30,2016-09-04,dwhitton9g@newsvine.com,+86 (943) 471-6254
342,Celene,Esposita,1978-08-19,2019-01-17,,+84 (418) 820-0955
343,Yuma,Welden,,2016-12-01,,+1 (214) 252-7281
344,Lindi,Narducci,1971-03-25,2018-10-05,lnarducci9j@pagesperso-orange.fr,+509 (956) 772-4384
345,Agatha,Neal,1976-10-20,2016-08-17,aneal9k@mozilla.com,+30 (899) 440-5155
